file,rows,rows_priced,bytes,sha256,source_file_sha256
observations-us/bid_item_fhwa_pricetrends_1972_2006.csv,3834,3317,3659150,5ced9fab6841769a54a4af062ad2a322c0e1c75b060dcf0cc3c29ab2703ef541,5ced9fab6841769a54a4af062ad2a322c0e1c75b060dcf0cc3c29ab2703ef541
observations-us/bid_item_njdot_2023q2.csv,8608,8608,4098619,7ff1eb34332591546c5c1c52d0ce9c2bf376dc1c5e6def024afeab1bd77018d9,7ff1eb34332591546c5c1c52d0ce9c2bf376dc1c5e6def024afeab1bd77018d9
observations-us/cost_limit_hud_tdc_2024.csv,23296,23296,13597083,0445018d1c08994a170a7bfc339e5d3d24b93e51d396c60776eb86322245d1ca,0445018d1c08994a170a7bfc339e5d3d24b93e51d396c60776eb86322245d1ca
observations-us/cost_sqft_census_newhousing.csv,730,730,421065,45ce30c4ce7e0c0b7faed5ced2bba82bb9bc21a04e6bcf5dd243be9013736027,45ce30c4ce7e0c0b7faed5ced2bba82bb9bc21a04e6bcf5dd243be9013736027
observations-us/cost_sqft_city_permits_austin_2023_2025.csv,56,56,93540,ed56bbdb8039a2befe226121754fcc3134c5095bbfbd5b5c8d3ede4fc8607186,ed56bbdb8039a2befe226121754fcc3134c5095bbfbd5b5c8d3ede4fc8607186
observations-us/cost_sqft_city_permits_boston_2023_2025.csv,32,32,42819,76b36050e1ed913e1fea52cf8d05ea0446d236c0a9dbf62abdab04e5e04b4f3d,76b36050e1ed913e1fea52cf8d05ea0446d236c0a9dbf62abdab04e5e04b4f3d
observations-us/cost_sqft_city_permits_neworleans_2023_2025.csv,46,46,64821,839e8c24fe94948c4983a22c955f17cb0c1b42a2d6f7b9baf795fa215d919451,839e8c24fe94948c4983a22c955f17cb0c1b42a2d6f7b9baf795fa215d919451
observations-us/cost_sqft_city_permits_nyc_2023_2025.csv,73,73,95432,6f26b57ba34279de54a732b2856657df3343f99d1ac2772b86ded0e0be0a3d9b,6f26b57ba34279de54a732b2856657df3343f99d1ac2772b86ded0e0be0a3d9b
observations-us/cost_sqft_city_permits_sandiego_2024_2025.csv,11,11,19501,c69d702bd9fd416fbcc81da12049dae1307fa494be871921e2e02a66eac358bf,c69d702bd9fd416fbcc81da12049dae1307fa494be871921e2e02a66eac358bf
observations-us/cost_sqft_dod_ufc370101_2026.csv,1118,370,925140,8feeb431a1cc325b68b3e7ba76fbbb0ce21eadfccedfff3d2e547c1b4ad6cbc0,8feeb431a1cc325b68b3e7ba76fbbb0ce21eadfccedfff3d2e547c1b4ad6cbc0
observations-us/equipment_fema_2025.csv,465,465,363935,70d29f3243c6a12bf3dc9eff5380d73ce3dfc7982d7a5247e117a17c534ee6b1,70d29f3243c6a12bf3dc9eff5380d73ce3dfc7982d7a5247e117a17c534ee6b1
observations-us/equipment_usace_ep1110_2024_a.csv,47760,47760,45645197,8ace505866b389c85e0594f74fd8e0b544dfdc236291767580809f893c76bfc8,8ace505866b389c85e0594f74fd8e0b544dfdc236291767580809f893c76bfc8
observations-us/equipment_usace_ep1110_2024_b.csv,47760,47760,40433956,1f1adf80f123c19d599dc8accdcdda4105b59026465989dd8deff04fc15ce6a2,1f1adf80f123c19d599dc8accdcdda4105b59026465989dd8deff04fc15ce6a2
observations-us/house_price_census_newhousing.csv,1056,1008,555438,3ab6055ae22220196a76d47289944c98c0e4a9a06b0c0227f819dcd4ecffbc25,3ab6055ae22220196a76d47289944c98c0e4a9a06b0c0227f819dcd4ecffbc25
observations-us/index_bls_cpi_repair.csv,374,325,258255,cbcb07fa9879708dd095cc643eb65c591cec35d8926a6451c5e203a2209a0674,cbcb07fa9879708dd095cc643eb65c591cec35d8926a6451c5e203a2209a0674
observations-us/index_bls_eci.csv,714,714,463534,07b666de06dbe05d9ed9f29bbad5fae1f35c8b697b4c69074307b35ceeb22f2a,07b666de06dbe05d9ed9f29bbad5fae1f35c8b697b4c69074307b35ceeb22f2a
observations-us/index_bls_ppi.csv,32892,32855,12303812,2cd1819b16e8f8183d38c21933010a066d9de75e630af71d857785ba1beeb30b,2cd1819b16e8f8183d38c21933010a066d9de75e630af71d857785ba1beeb30b
observations-us/index_bls_ppi_fd.csv,384,384,146476,914baaba9890ff1b6eb9f79bbbea6c1980e0384387afc5bbce6583a80b45657c,914baaba9890ff1b6eb9f79bbbea6c1980e0384387afc5bbce6583a80b45657c
observations-us/index_bls_ppi_resid.csv,3237,3098,1106752,f313c4c826380874434ee625d4fb73a2df98f26739b904de69bbb0fcaa4dd996,f313c4c826380874434ee625d4fb73a2df98f26739b904de69bbb0fcaa4dd996
observations-us/index_census_cqpi.csv,1383,1383,668216,f3b3a52f18d99481e89b6be3916b052b87537dc42bc172fc858d202b2b587e42,f3b3a52f18d99481e89b6be3916b052b87537dc42bc172fc858d202b2b587e42
observations-us/index_dod_acf_2026.csv,32978,32978,26095957,4e9ed05163fc5f9148f54eaadc76b31d0ef206f3bac203dda81041c3ed7caa27,4e9ed05163fc5f9148f54eaadc76b31d0ef206f3bac203dda81041c3ed7caa27
observations-us/index_fhwa_nhcci.csv,93,93,33415,90ba681193b4bb1fbcb65fdd34a2fb345b4f56c67511f262c5e39d33eaf3444e,90ba681193b4bb1fbcb65fdd34a2fb345b4f56c67511f262c5e39d33eaf3444e
observations-us/index_usace_cwccis.csv,8503,8503,5261793,73cd83c253f2cabce99fb30daae75ba5f3233604cb6db43ca73b9bf9acab475d,73cd83c253f2cabce99fb30daae75ba5f3233604cb6db43ca73b9bf9acab475d
observations-us/labor_dol_davis_bacon_ak_2026.csv,406,406,428028,b16a7c73fb700da1e37c0f7e4579be261ab830f80d0b5503700ac609f7b9e99e,b16a7c73fb700da1e37c0f7e4579be261ab830f80d0b5503700ac609f7b9e99e
observations-us/labor_dol_davis_bacon_al_2026.csv,7570,7570,3901829,a9d947ba0133143584b416cb990c7d0ffd6e054ec130d1190f7975f424f3faa7,a9d947ba0133143584b416cb990c7d0ffd6e054ec130d1190f7975f424f3faa7
observations-us/labor_dol_davis_bacon_ar_2026.csv,7462,7462,3848341,4073978c0e7b6006fbf83794a97ab92ba038bfe4c6f72af043a21d1c912d973f,4073978c0e7b6006fbf83794a97ab92ba038bfe4c6f72af043a21d1c912d973f
observations-us/labor_dol_davis_bacon_as_2026.csv,24,24,15392,551eb77c140f689674e9b1a9c8f149c6a6c62b6162beaef0c2a9dcd408e9cd4e,551eb77c140f689674e9b1a9c8f149c6a6c62b6162beaef0c2a9dcd408e9cd4e
observations-us/labor_dol_davis_bacon_az_2026.csv,2802,2802,1449881,bc4ee8ac83d33db8e854eb2193ac5a0569e02f1d9e99f7a49b658cdc53c49ea8,bc4ee8ac83d33db8e854eb2193ac5a0569e02f1d9e99f7a49b658cdc53c49ea8
observations-us/labor_dol_davis_bacon_ca_2026.csv,6770,6770,7023511,bd44820ac042750fb882df32f2f7b9fe921a6012f8b101f837d2f1243c7b691e,bd44820ac042750fb882df32f2f7b9fe921a6012f8b101f837d2f1243c7b691e
observations-us/labor_dol_davis_bacon_cm_2026.csv,34,34,20694,18826d96b410ddf7ae1a5085f8a454f93a55d21e8c10d26c6673d46a44d005aa,18826d96b410ddf7ae1a5085f8a454f93a55d21e8c10d26c6673d46a44d005aa
observations-us/labor_dol_davis_bacon_co_2026.csv,2884,2884,1682187,972b86830a7df00dc3f20a443a8ecff2d3ac1988bf615416ce7ac10906474411,972b86830a7df00dc3f20a443a8ecff2d3ac1988bf615416ce7ac10906474411
observations-us/labor_dol_davis_bacon_ct_2026.csv,2010,2010,1494044,8b5c2093a900718f120f6f06b459fc074f728d4506df62dc5ea1114c222317c4,8b5c2093a900718f120f6f06b459fc074f728d4506df62dc5ea1114c222317c4
observations-us/labor_dol_davis_bacon_dc_2026.csv,250,250,170794,ae06095dda9dc3d9c3749ee54e7e174e80e5b5ae8089a743b2866384a48eb14b,ae06095dda9dc3d9c3749ee54e7e174e80e5b5ae8089a743b2866384a48eb14b
observations-us/labor_dol_davis_bacon_de_2026.csv,410,410,227767,cba2a18ff97e1f148392c1b80d3d5bf34f90c90e46d6b1222f4e99447a25a43f,cba2a18ff97e1f148392c1b80d3d5bf34f90c90e46d6b1222f4e99447a25a43f
observations-us/labor_dol_davis_bacon_fl_2026.csv,12456,12455,6396217,e5db2fabaea656e5024c5ce6b22d09972f6be79f1e32188091a6c658650f4c2e,e5db2fabaea656e5024c5ce6b22d09972f6be79f1e32188091a6c658650f4c2e
observations-us/labor_dol_davis_bacon_ga_2026.csv,8720,8720,4541201,83ca596a8850f7032379fe8fead525a9fedb35e8826dec602889002dfbde9174,83ca596a8850f7032379fe8fead525a9fedb35e8826dec602889002dfbde9174
observations-us/labor_dol_davis_bacon_gu_2026.csv,92,92,47175,c8d4024509e75335342d12d96045c61c26463d6c3d95c2d0d24e43e1e3c5af1e,c8d4024509e75335342d12d96045c61c26463d6c3d95c2d0d24e43e1e3c5af1e
observations-us/labor_dol_davis_bacon_hi_2026.csv,264,264,271845,636ebf25a30b467ba439c11fdbdd947759476b1bca1a076c397a5916047f27e8,636ebf25a30b467ba439c11fdbdd947759476b1bca1a076c397a5916047f27e8
observations-us/labor_dol_davis_bacon_ia_2026.csv,3942,3942,2544900,9220402dcd16bd9478acb67f6cb47e00c778769d7a37596c7d4103d0b5c249c9,9220402dcd16bd9478acb67f6cb47e00c778769d7a37596c7d4103d0b5c249c9
observations-us/labor_dol_davis_bacon_id_2026.csv,4418,4418,2404409,b3720d8b49749cd666aa37bea3e652179065f9fb793a0a78175b4685eb2635b1,b3720d8b49749cd666aa37bea3e652179065f9fb793a0a78175b4685eb2635b1
observations-us/labor_dol_davis_bacon_il_2026.csv,5068,5065,4505574,eb55cf1ec6776a46df0b7491b7ea07410266715aae50a1b43f9d067f9d39e611,eb55cf1ec6776a46df0b7491b7ea07410266715aae50a1b43f9d067f9d39e611
observations-us/labor_dol_davis_bacon_in_2026.csv,2816,2816,2495309,68825621c20adf8cb981eb43329e260431290cd47a3788d94809955f6f53f8fb,68825621c20adf8cb981eb43329e260431290cd47a3788d94809955f6f53f8fb
observations-us/labor_dol_davis_bacon_ks_2026.csv,9426,9426,4770122,2670b24a94095b2a4b164a040f685db4fc9955f7b3d8f42957fb6acfab5755ce,2670b24a94095b2a4b164a040f685db4fc9955f7b3d8f42957fb6acfab5755ce
observations-us/labor_dol_davis_bacon_ky_2026.csv,5714,5714,3307233,1bf588b57ce5e5db96c5434ac6b1277716e1beb147662db05956c4be698d58d9,1bf588b57ce5e5db96c5434ac6b1277716e1beb147662db05956c4be698d58d9
observations-us/labor_dol_davis_bacon_la_2026.csv,2176,2176,1411809,17babb90e04c9b583c728114814a49c584377f078e92e4f9295503e82c85c900,17babb90e04c9b583c728114814a49c584377f078e92e4f9295503e82c85c900
observations-us/labor_dol_davis_bacon_ma_2026.csv,1986,1986,1376788,0206d5faff8c1a402da44c85b7bb92ca968ec4c02e9d594f2af191a15ca24dc9,0206d5faff8c1a402da44c85b7bb92ca968ec4c02e9d594f2af191a15ca24dc9
observations-us/labor_dol_davis_bacon_md_2026.csv,6662,6662,3338462,dfb138edb863e57daf731d3e87ec42af30a76765bc8224849ab1290f33f9a9d9,dfb138edb863e57daf731d3e87ec42af30a76765bc8224849ab1290f33f9a9d9
observations-us/labor_dol_davis_bacon_me_2026.csv,1496,1496,753014,e8d49a2c3c7e6bf74e26c7bc1d743fc2734b6e991f6c9bd2fa2a7084f7de3e88,e8d49a2c3c7e6bf74e26c7bc1d743fc2734b6e991f6c9bd2fa2a7084f7de3e88
observations-us/labor_dol_davis_bacon_mi_2026.csv,11908,11908,7537690,0d867150b19ece815442a4c19d45525b9153f341f2112d90ce16689749512e9f,0d867150b19ece815442a4c19d45525b9153f341f2112d90ce16689749512e9f
observations-us/labor_dol_davis_bacon_mn_2026.csv,11660,11660,7006874,2fe67d90017438608a504275ca43e77e7ea78d0e08ff4794785be8e009dae511,2fe67d90017438608a504275ca43e77e7ea78d0e08ff4794785be8e009dae511
observations-us/labor_dol_davis_bacon_mo_2026.csv,3796,3796,2596872,a6fea6d01bda1b1badda37b6bf1abd9734b29bf56a846b8283ede169d85da587,a6fea6d01bda1b1badda37b6bf1abd9734b29bf56a846b8283ede169d85da587
observations-us/labor_dol_davis_bacon_ms_2026.csv,7436,7436,3942101,bda8e9fea847c2985eb151debdef6460471f4f23bbf27d8a095679bf5e9a4bd5,bda8e9fea847c2985eb151debdef6460471f4f23bbf27d8a095679bf5e9a4bd5
observations-us/labor_dol_davis_bacon_mt_2026.csv,3304,3304,2039156,9d237fd82176a81aa098b8866137b5f5354cb77212751a08fdbe9c73b6067577,9d237fd82176a81aa098b8866137b5f5354cb77212751a08fdbe9c73b6067577
observations-us/spending_census_bps_county_2016.csv,41524,41524,17792828,c0a61c68cb378891dfebc58bc3a7a39d93382418c04fa855c558f0e617368efb,c0a61c68cb378891dfebc58bc3a7a39d93382418c04fa855c558f0e617368efb
observations-us/spending_census_bps_county_2017.csv,41551,41551,17805308,058d8565779056d02b82a85787c3569fd21b8189b0ed96bbb377a232b3e921ae,058d8565779056d02b82a85787c3569fd21b8189b0ed96bbb377a232b3e921ae
observations-us/spending_census_bps_county_2018.csv,41540,41540,17800579,fc69c2ed7a56d36d01d77805d39acefec1d8bd58325a359010b82d76d413fd1f,fc69c2ed7a56d36d01d77805d39acefec1d8bd58325a359010b82d76d413fd1f
observations-us/spending_census_bps_county_2019.csv,41594,41594,17825957,f17c62457713f6252584cfbf69844077c928bea63cf795f4cfa03819d88f3a89,f17c62457713f6252584cfbf69844077c928bea63cf795f4cfa03819d88f3a89
observations-us/spending_census_bps_county_2020.csv,41629,41629,17842163,feec266ec57afca76531a68e4a7162c3db1d4a2fa947a1020bd5a72dce0f77ab,feec266ec57afca76531a68e4a7162c3db1d4a2fa947a1020bd5a72dce0f77ab
observations-us/spending_census_bps_county_2021.csv,41612,41612,17837187,fdd0ac068f2273a1914e3a06be34e21747abe2751eca90fab75a4cef77cd3249,fdd0ac068f2273a1914e3a06be34e21747abe2751eca90fab75a4cef77cd3249
observations-us/spending_census_bps_county_2022.csv,41760,41760,17904278,91dd1b21445dfc248e8e56d6f215ce09b06cc976a975b88ac9604ff1d7a4fe30,91dd1b21445dfc248e8e56d6f215ce09b06cc976a975b88ac9604ff1d7a4fe30
observations-us/spending_census_bps_county_2023.csv,41823,41823,17933015,8ee4bd26d032558cb0f5d5b455b58b57d0cb4ad6d2aea98079c0f6410d94c573,8ee4bd26d032558cb0f5d5b455b58b57d0cb4ad6d2aea98079c0f6410d94c573
observations-us/spending_census_bps_county_2024.csv,41871,41871,17954823,79819a6ebd8580e5487205d98ab318de7f14696fe3aa1a7c91dbe4739086ac4f,79819a6ebd8580e5487205d98ab318de7f14696fe3aa1a7c91dbe4739086ac4f
observations-us/spending_census_bps_county_2025.csv,41869,41869,17954038,35f146ef5ee14fdbb31e978e2d2704361064d2f9fe544e6cc58be844b2c93351,35f146ef5ee14fdbb31e978e2d2704361064d2f9fe544e6cc58be844b2c93351
observations-us/spending_census_bps_county_2026_ytd08.csv,41341,41341,19325702,5312036525c57a20f08b492de73a0f6608c3806f753100d7dd6327747c2691d8,5312036525c57a20f08b492de73a0f6608c3806f753100d7dd6327747c2691d8
observations-us/spending_census_bps_metro_2016.csv,5790,5790,2788415,ae1e0cae3b34b33a744131f17557422741bab6bb99b9c85a7b3b129968645cd7,ae1e0cae3b34b33a744131f17557422741bab6bb99b9c85a7b3b129968645cd7
observations-us/spending_census_bps_metro_2017.csv,5788,5788,2786863,2d5c01c70755ecf37980ca4201afdb57010c96d3118ad7c58ca09bff79f841f7,2d5c01c70755ecf37980ca4201afdb57010c96d3118ad7c58ca09bff79f841f7
observations-us/spending_census_bps_metro_2018.csv,5805,5805,2799338,451073252cd7f752a4fc9c698558fb670fc4bf56f80d5f2396100ba65c8918ce,451073252cd7f752a4fc9c698558fb670fc4bf56f80d5f2396100ba65c8918ce
observations-us/spending_census_bps_metro_2019.csv,5846,5846,2816562,9481a2d80fa8de0daefe14e90a557c668f9e204df16a165f55e6a256d77f1785,9481a2d80fa8de0daefe14e90a557c668f9e204df16a165f55e6a256d77f1785
observations-us/spending_census_bps_metro_2020.csv,5855,5855,2821842,fe172fd6f794602ece64ecf451fe2d762abb47582c675a6cf2c9e67c1e5d15d2,fe172fd6f794602ece64ecf451fe2d762abb47582c675a6cf2c9e67c1e5d15d2
observations-us/spending_census_bps_metro_2021.csv,5848,5848,2819093,9f8d8854dda7b4e8a46503920cd62cf98497f3224c9dd130a646ab859f6cdc80,9f8d8854dda7b4e8a46503920cd62cf98497f3224c9dd130a646ab859f6cdc80
observations-us/spending_census_bps_metro_2022.csv,5866,5866,2828085,4d0a0b186e33f87760816fb1102064dea25856f261551eaf8223f50c08cc6ddd,4d0a0b186e33f87760816fb1102064dea25856f261551eaf8223f50c08cc6ddd
observations-us/spending_census_bps_metro_2023.csv,5880,5880,2834036,45fa0497cd44b1b9933c99d64bf542cb6fb3f0489ef605ba24ca6443d63fca14,45fa0497cd44b1b9933c99d64bf542cb6fb3f0489ef605ba24ca6443d63fca14
observations-us/spending_census_bps_metro_2024.csv,13462,13462,6610815,919797055d3c3ea92750dfbd35ccc459011a1195615c928d3dd16f140eb9a236,919797055d3c3ea92750dfbd35ccc459011a1195615c928d3dd16f140eb9a236
observations-us/spending_census_bps_metro_2025.csv,13597,13597,6676829,f45dcff74751b872b8a2d0dc2beb76810657b05c0b1418d29c15373510e3cdad,f45dcff74751b872b8a2d0dc2beb76810657b05c0b1418d29c15373510e3cdad
observations-us/spending_census_bps_metro_2026_ytd08.csv,13317,13317,7056899,3752c1351f3e102b22464b53579687abcc853de9943368d4b4e6a446f8bdc3bd,3752c1351f3e102b22464b53579687abcc853de9943368d4b4e6a446f8bdc3bd
observations-us/spending_census_bps_place_2016.csv,69853,69853,36797444,ec5b9301a7f820c2f13334efa0ac2e4dc2f14495c0fa9123afde10ac52053b1c,ec5b9301a7f820c2f13334efa0ac2e4dc2f14495c0fa9123afde10ac52053b1c
observations-us/spending_census_bps_place_2017.csv,70655,70655,37214367,c11d478cb53a77aef2e793227838382bbb50cd353fa3267069b0e07e975bcf85,c11d478cb53a77aef2e793227838382bbb50cd353fa3267069b0e07e975bcf85
observations-us/spending_census_bps_place_2018.csv,71057,71057,37420544,22d7f002897d33ae28329261ab3d5b75cb1e4c21dd203d20671ca30ea7cd7d57,22d7f002897d33ae28329261ab3d5b75cb1e4c21dd203d20671ca30ea7cd7d57
observations-us/spending_census_bps_place_2019.csv,72621,72621,38246897,79a29e9fd30c7b7aa2e7499e92ee0228ffd6f2b5e3c0cc4298cc2dc2dac63aec,79a29e9fd30c7b7aa2e7499e92ee0228ffd6f2b5e3c0cc4298cc2dc2dac63aec
observations-us/spending_census_bps_place_2020.csv,73365,73365,38630793,3ee010d1b8345e5b16a2a425d1cf00f7404a4c5871230d149f7951aaff845796,3ee010d1b8345e5b16a2a425d1cf00f7404a4c5871230d149f7951aaff845796
observations-us/spending_census_bps_place_2021.csv,73941,73941,38951874,aaded8f47e12e14e1c7a7e6d33bf70ac69d371abc1882623946f65de320d3836,aaded8f47e12e14e1c7a7e6d33bf70ac69d371abc1882623946f65de320d3836
observations-us/spending_census_bps_place_2022.csv,74399,74399,39196967,42db652ff45ee2632b9057377dfd8bf3001db0aae4630096d22e47f2ab331fd4,42db652ff45ee2632b9057377dfd8bf3001db0aae4630096d22e47f2ab331fd4
observations-us/spending_census_bps_place_2023.csv,74889,74889,39443139,6b3fa04f763489f6c847d436e4511fec45b1f7b68e34697bb15c4f3f5709d239,6b3fa04f763489f6c847d436e4511fec45b1f7b68e34697bb15c4f3f5709d239
observations-us/spending_census_bps_place_2024.csv,75510,75510,39756177,757a1496592c3967a3d2a9b4169e02cff18f9c3436d80692413e77f3cbd65afa,757a1496592c3967a3d2a9b4169e02cff18f9c3436d80692413e77f3cbd65afa
observations-us/spending_census_bps_place_2025.csv,75601,75601,39801112,bc0a1a9f5ef144f06c605b2045ee3e443c7484570b70acf5db102ac48fe317a7,bc0a1a9f5ef144f06c605b2045ee3e443c7484570b70acf5db102ac48fe317a7
observations-us/spending_census_bps_place_2026_ytd08.csv,68100,68100,38437177,f5f15c2842552f7bbe022739e36408c6dcd3f55d914d4d35da1b15f53c434b69,f5f15c2842552f7bbe022739e36408c6dcd3f55d914d4d35da1b15f53c434b69
observations-us/spending_census_bps_state.csv,11718,11718,5111859,aa2c79eaa93fe87a8d80e35c29fb07c41b1b64fcf77ba6fa2bf79d00f13b75e7,aa2c79eaa93fe87a8d80e35c29fb07c41b1b64fcf77ba6fa2bf79d00f13b75e7
observations-us/spending_census_econ2022_construction.csv,77330,71332,40622368,0c381942f942b92e3cb4fc50b8d0baa433351f808c2c1d08f28bbb61308dae34,0c381942f942b92e3cb4fc50b8d0baa433351f808c2c1d08f28bbb61308dae34
observations-us/spending_census_vip.csv,28320,28320,15203177,795a05f6d2bdfdfaf8b09b274327c20936446463b812225813d1665841a8634a,795a05f6d2bdfdfaf8b09b274327c20936446463b812225813d1665841a8634a
observations-us/spending_city_permits_austin_2023_2025.csv,653,595,1017389,93f56fc6d8b68eb03fcf48cf4b185fccc0d03e44e1825c2eea6c89e61e5efc2c,93f56fc6d8b68eb03fcf48cf4b185fccc0d03e44e1825c2eea6c89e61e5efc2c
observations-us/spending_city_permits_boston_2023_2025.csv,1583,1579,2002478,f0d27addd04b4b64e2a570c34f78cbbc0d9727b98be24f23d9e9936a4309719a,f0d27addd04b4b64e2a570c34f78cbbc0d9727b98be24f23d9e9936a4309719a
observations-us/spending_city_permits_neworleans_2023_2025.csv,2196,1992,2927994,0b0ce83825cc859ab54f862f6e762f9618d0d3b90c7b2189d3c18e65652b740c,0b0ce83825cc859ab54f862f6e762f9618d0d3b90c7b2189d3c18e65652b740c
observations-us/spending_city_permits_nyc_2023_2025.csv,369,369,448486,b00d1eda3e15d5c069afd293568e24d0ea9761fbc78b9910caca1d4509b8386e,b00d1eda3e15d5c069afd293568e24d0ea9761fbc78b9910caca1d4509b8386e
observations-us/spending_city_permits_sandiego_2024_2025.csv,820,657,1365658,7a3c8a3e5f33c1cc670b6a24a5def6dbe830353087ed1d4a3be68ac888a3ed94,7a3c8a3e5f33c1cc670b6a24a5def6dbe830353087ed1d4a3be68ac888a3ed94
observations-us/spending_city_permits_seattle_2023_2025.csv,599,598,675832,e80034c476ae6583caed7441e9ce075a8dbeb8a486acf30bb75096c50fb496c0,e80034c476ae6583caed7441e9ce075a8dbeb8a486acf30bb75096c50fb496c0
observations-us/spending_city_permits_sf_2023_2025.csv,1343,1326,1637950,bf7b9335aad897f2dc9459c6f5c81658b363474a2ef994014027e6c1de6d3419,bf7b9335aad897f2dc9459c6f5c81658b363474a2ef994014027e6c1de6d3419
observations-us/wage_bls_oews_2021.csv,37882,37392,15394857,adbeb0c7cbe03be90c8f606e162eaa1b29e122cf2726604feb4772a51d232dbd,adbeb0c7cbe03be90c8f606e162eaa1b29e122cf2726604feb4772a51d232dbd
observations-us/wage_bls_oews_2022.csv,37726,37509,15325648,2befdd6a89c03a54760fe86baddee321318e6099051424641d67f7963e0ae69c,2befdd6a89c03a54760fe86baddee321318e6099051424641d67f7963e0ae69c
observations-us/wage_bls_oews_2023.csv,37765,37604,15232414,4fea13233333f7941f2fa43083c17c030369636d3838cc1cb92fc74ad7d1ad0c,4fea13233333f7941f2fa43083c17c030369636d3838cc1cb92fc74ad7d1ad0c
observations-us/wage_bls_oews_2024.csv,37427,37164,15096453,fdf358b2ee48cfe2487f43914ece59d093a1678ed37e79912e832e732a846ce4,fdf358b2ee48cfe2487f43914ece59d093a1678ed37e79912e832e732a846ce4
observations-us/wage_bls_oews_2025.csv,37193,36930,15001767,041023487e16f2fb45641df55469c9b2be67ca938c402a131aea9eda22c88034,041023487e16f2fb45641df55469c9b2be67ca938c402a131aea9eda22c88034
observations-us/wage_bls_oews_metro_2025_a.csv,65104,64809,28872537,229bb3f50898df6ee6393c4cf1f25ac2461d7230e61adcea7921d83ba7461316,229bb3f50898df6ee6393c4cf1f25ac2461d7230e61adcea7921d83ba7461316
observations-us/wage_bls_oews_metro_2025_b.csv,66417,66142,29663417,d84f54d6a86f6a469f0247c8f4d6cbbc9f1cf451295ca74be405367a13957e47,d84f54d6a86f6a469f0247c8f4d6cbbc9f1cf451295ca74be405367a13957e47
observations-us/wage_bls_qcew_2016.csv,70716,61809,36356619,e23357b17621dd95387c20928d0d1a93c78da55338635c446eaf8fad83019ff2,e23357b17621dd95387c20928d0d1a93c78da55338635c446eaf8fad83019ff2
observations-us/wage_bls_qcew_2017.csv,70516,61888,36129577,e38fe7156e4233d968faec5c6a6aa805385d9fb7b3d9af010f93781f13da619f,e38fe7156e4233d968faec5c6a6aa805385d9fb7b3d9af010f93781f13da619f
observations-us/wage_bls_qcew_2018.csv,70536,61830,36176187,cbf4ed4cab4638d8ff3d9c593b71eaa5c2ed24ffcb4510892130ac6e73eb3825,cbf4ed4cab4638d8ff3d9c593b71eaa5c2ed24ffcb4510892130ac6e73eb3825
observations-us/wage_bls_qcew_2019.csv,70568,61835,36207287,892db4d6277e7cd93cab6056ff2e2cd371c97821e065fde316b123a48431ad9c,892db4d6277e7cd93cab6056ff2e2cd371c97821e065fde316b123a48431ad9c
observations-us/wage_bls_qcew_2020.csv,70612,61795,36270727,2f67a3a6ab873b52c623d327e61df357a13b73d70939cbe2d47b6c5f89f3936b,2f67a3a6ab873b52c623d327e61df357a13b73d70939cbe2d47b6c5f89f3936b
observations-us/wage_bls_qcew_2021.csv,70636,61831,36275979,2e9776d14187d59a7e88a3b2f2576363e31738937a62695ad8721b5879b894be,2e9776d14187d59a7e88a3b2f2576363e31738937a62695ad8721b5879b894be
observations-us/wage_bls_qcew_2022.csv,70748,62129,36365223,6b7f76e0a2296ac2100febbee83a20b763964e729d9399528edea7b1a1c84359,6b7f76e0a2296ac2100febbee83a20b763964e729d9399528edea7b1a1c84359
observations-us/wage_bls_qcew_2023.csv,70776,62319,36309994,97c7fafc569790ed970954dc2abfa755ff194fb2c3517cd664dac9503a4ab0d9,97c7fafc569790ed970954dc2abfa755ff194fb2c3517cd664dac9503a4ab0d9
observations-us/wage_bls_qcew_2024.csv,70700,60029,37346412,69d0f41b86ec95f1f5ab70c20bfd8395f538eb332153ca3ae553c8e903a6c54b,69d0f41b86ec95f1f5ab70c20bfd8395f538eb332153ca3ae553c8e903a6c54b
observations-us/wage_bls_qcew_2025.csv,70680,56472,39043218,56921d8df74dfb806ef5f697135cdeb55cd983afd4d83f6c2bd9934514c8f1fe,56921d8df74dfb806ef5f697135cdeb55cd983afd4d83f6c2bd9934514c8f1fe
observations-us/work_dod_ufc370101_2026.csv,864,0,979408,364829bd1f50860c920e919dbe208693c6d0349f5d30464bda2b99240e4dc261,364829bd1f50860c920e919dbe208693c6d0349f5d30464bda2b99240e4dc261
observations-us/work_fta_capcost_2024_09.csv,3508,2796,2613215,cc7cbedc6db386c6dc1cb5559a6196a714a1c40fab816548bce05189ed9b437e,cc7cbedc6db386c6dc1cb5559a6196a714a1c40fab816548bce05189ed9b437e
